{"../hestia/archive.php":"7e78defdfedfaddb18473a69beddede6","../hestia/attachment.php":"da094afb1abd379640dd881759373bdb","../hestia/comments.php":"3c3f0fa59e6333dd5efcbfdb6227a89d","../hestia/footer.php":"e9fb477c62d82f8057e2824f48d8f906","../hestia/front-page.php":"91f00acb8c621da7091644b398689576","../hestia/functions.php":"53440e7f9bfd6158289065b036961f48","../hestia/header.php":"a99d0da40a0c3bf16908f6609318f136","../hestia/index.php":"ea11fa98d9f8cbca27ca4a65b37293de","../hestia/page.php":"4db523c06286fc2515ea526388b82b89","../hestia/search.php":"84e54acc2b972484eeddbf96e53603ef","../hestia/sidebar-woocommerce.php":"39dea8c8ef59dfb4b97e3a8eecbba4dc","../hestia/sidebar.php":"825c538768ee182d8bd814800285f435","../hestia/single-jetpack-portfolio.php":"878ce57be8e2d8f65ed8fcea4447d020","../hestia/single.php":"ef1cbb4b610c48a70e592039aa888b5a","../hestia/editor-style.css":"5c0872acea03a45f7167c1b387460496","../hestia/editor-style.min.css":"75b23bfc607e2303424614ae0693626d","../hestia/style-rtl.css":"7dee0e87ebfd5e9672793e8d8a1c3b6b","../hestia/style-rtl.min.css":"f788d1807c76e0105aea2ce897dd35d2","../hestia/style.css":"744de3c174bbdae0ce52a248397ffd06","../hestia/style.min.css":"3087b5cc6ecc595774bd53e4e4014f53"}